{"cameraMode":{"drawMode":0,"name":"Shaded","section":"Shading Mode"},"sceneLighting":false,"audioPlay":false,"sceneViewState":{"showFog":false,"showMaterialUpdate":false,"showSkybox":false,"showFlares":false,"showImageEffects":false,"showParticleSystems":false},"in2DMode":false,"pivot":{"x":-7.037965774536133,"y":8.100756645202637,"z":23.02435302734375},"rotation":{"x":-0.031842272728681567,"y":0.9243106842041016,"z":-0.37277814745903017,"w":-0.0775686502456665},"size":2.1073949337005617,"orthographic":false}