{"cameraMode":{"drawMode":0,"name":"Shaded","section":"Shading Mode"},"sceneLighting":false,"audioPlay":false,"sceneViewState":{"showFog":true,"showMaterialUpdate":false,"showSkybox":false,"showFlares":true,"showImageEffects":true,"showParticleSystems":true},"in2DMode":false,"pivot":{"x":-27.93489646911621,"y":1.5873316526412964,"z":-21.17009162902832},"rotation":{"x":0.03761443868279457,"y":-0.9313326478004456,"z":0.3497714102268219,"w":0.09649574011564255},"size":2.398444414138794,"orthographic":false}