{"cameraMode":{"drawMode":0,"name":"Shaded","section":"Shading Mode"},"sceneLighting":true,"audioPlay":false,"sceneViewState":{"showFog":true,"showMaterialUpdate":false,"showSkybox":true,"showFlares":true,"showImageEffects":true,"showParticleSystems":true},"in2DMode":false,"pivot":{"x":4.73741340637207,"y":9.703601837158204,"z":-10.21790599822998},"rotation":{"x":-0.16141349077224732,"y":0.8365553021430969,"z":-0.3095305860042572,"w":-0.4234636425971985},"size":7.1992669105529789,"orthographic":false}