{"cameraMode":{"drawMode":0,"name":"Shaded","section":"Shading Mode"},"sceneLighting":false,"audioPlay":false,"sceneViewState":{"showFog":true,"showMaterialUpdate":false,"showSkybox":false,"showFlares":true,"showImageEffects":true,"showParticleSystems":true},"in2DMode":false,"pivot":{"x":-8.596829414367676,"y":1.9810447692871094,"z":-24.843524932861329},"rotation":{"x":-0.0130924666300416,"y":-0.9177053570747376,"z":0.39602720737457278,"w":-0.030309554189443589},"size":2.3068811893463136,"orthographic":false}