{"cameraMode":{"drawMode":0,"name":"Shaded","section":"Shading Mode"},"sceneLighting":false,"audioPlay":false,"sceneViewState":{"showFog":true,"showMaterialUpdate":false,"showSkybox":false,"showFlares":true,"showImageEffects":true,"showParticleSystems":true},"in2DMode":false,"pivot":{"x":25.530000686645509,"y":2.440000057220459,"z":-31.81999969482422},"rotation":{"x":0.013578967191278935,"y":-0.9229342341423035,"z":0.38511642813682558,"w":0.024286888539791108},"size":4.403478622436523,"orthographic":false}