{"cameraMode":{"drawMode":0,"name":"Shaded","section":"Shading Mode"},"sceneLighting":false,"audioPlay":false,"sceneViewState":{"showFog":true,"showMaterialUpdate":false,"showSkybox":false,"showFlares":true,"showImageEffects":true,"showParticleSystems":true},"in2DMode":false,"pivot":{"x":-13.380000114440918,"y":0.5,"z":-14.15999984741211},"rotation":{"x":-0.017686011269688607,"y":-0.9813493490219116,"z":0.13135585188865663,"w":-0.14103905856609345},"size":1.6677080392837525,"orthographic":false}