{"cameraMode":{"drawMode":0,"name":"Shaded","section":"Shading Mode"},"sceneLighting":true,"audioPlay":false,"sceneViewState":{"showFog":true,"showMaterialUpdate":false,"showSkybox":true,"showFlares":true,"showImageEffects":true,"showParticleSystems":true},"in2DMode":false,"pivot":{"x":-1.820497751235962,"y":3.040059804916382,"z":11.20842170715332},"rotation":{"x":0.11920473724603653,"y":-0.6854918003082275,"z":0.11564204096794129,"w":0.7092428207397461},"size":3.866024971008301,"orthographic":false}