{"cameraMode":{"drawMode":0,"name":"Shaded","section":"Shading Mode"},"sceneLighting":false,"audioPlay":false,"sceneViewState":{"showFog":true,"showMaterialUpdate":false,"showSkybox":false,"showFlares":true,"showImageEffects":true,"showParticleSystems":true},"in2DMode":false,"pivot":{"x":1008.3800659179688,"y":138.09141540527345,"z":32.90168762207031},"rotation":{"x":-0.21356721222400666,"y":-0.09711100161075592,"z":0.02133086323738098,"w":-0.9718694686889648},"size":136.5414581298828,"orthographic":false}