{"cameraMode":{"drawMode":0,"name":"Shaded","section":"Shading Mode"},"sceneLighting":false,"audioPlay":false,"sceneViewState":{"showFog":true,"showMaterialUpdate":false,"showSkybox":false,"showFlares":true,"showImageEffects":true,"showParticleSystems":true},"in2DMode":false,"pivot":{"x":-14.364442825317383,"y":4.569608688354492,"z":-18.5613956451416},"rotation":{"x":-0.04466169327497482,"y":-0.843605101108551,"z":0.5304397940635681,"w":-0.07105756551027298},"size":1.2247449159622193,"orthographic":false}