{"cameraMode":{"drawMode":0,"name":"Shaded","section":"Shading Mode"},"sceneLighting":false,"audioPlay":false,"sceneViewState":{"showFog":true,"showMaterialUpdate":false,"showSkybox":false,"showFlares":true,"showImageEffects":true,"showParticleSystems":true},"in2DMode":false,"pivot":{"x":-18.979999542236329,"y":10.0,"z":6.324285984039307},"rotation":{"x":0.16109351813793183,"y":0.7437527775764465,"z":-0.19268177449703217,"w":0.6198356747627258},"size":0.8660253882408142,"orthographic":false}