{"cameraMode":{"drawMode":0,"name":"Shaded","section":"Shading Mode"},"sceneLighting":false,"audioPlay":false,"sceneViewState":{"showFog":true,"showMaterialUpdate":false,"showSkybox":false,"showFlares":true,"showImageEffects":true,"showParticleSystems":true},"in2DMode":false,"pivot":{"x":-2.6231136322021486,"y":-2.201437473297119,"z":2.146017074584961},"rotation":{"x":0.21829596161842347,"y":-0.5366853475570679,"z":0.14614301919937135,"w":0.8018836975097656},"size":3.5857880115509035,"orthographic":false}