{"cameraMode":{"drawMode":0,"name":"Shaded","section":"Shading Mode"},"sceneLighting":false,"audioPlay":false,"sceneViewState":{"showFog":true,"showMaterialUpdate":false,"showSkybox":false,"showFlares":true,"showImageEffects":true,"showParticleSystems":true},"in2DMode":false,"pivot":{"x":11.172551155090332,"y":-0.8680061101913452,"z":-19.036630630493165},"rotation":{"x":-0.6355860829353333,"y":-0.2989917993545532,"z":-0.2933454215526581,"w":0.648885190486908},"size":0.3734273612499237,"orthographic":false}