{"cameraMode":{"drawMode":0,"name":"Shaded","section":"Shading Mode"},"sceneLighting":false,"audioPlay":false,"sceneViewState":{"showFog":true,"showMaterialUpdate":false,"showSkybox":false,"showFlares":true,"showImageEffects":true,"showParticleSystems":true},"in2DMode":false,"pivot":{"x":-16.022676467895509,"y":1.1522117853164673,"z":19.26871109008789},"rotation":{"x":-0.10398328304290772,"y":-0.8956223130226135,"z":0.29065433144569399,"w":-0.3203648328781128},"size":1.7320507764816285,"orthographic":false}